{
  "获取考试信息" : {
    "transaction" : "获取考试信息",
    "sampleCount" : 216,
    "errorCount" : 108,
    "errorPct" : 50.0,
    "meanResTime" : 53.05092592592593,
    "medianResTime" : 52.0,
    "minResTime" : 49.0,
    "maxResTime" : 98.0,
    "pct1ResTime" : 55.30000000000001,
    "pct2ResTime" : 57.0,
    "pct3ResTime" : 59.829999999999984,
    "throughput" : 7.384615384615384,
    "receivedKBytesPerSec" : 23.156216613247864,
    "sentKBytesPerSec" : 3.2091346153846154
  },
  "退出登录" : {
    "transaction" : "退出登录",
    "sampleCount" : 108,
    "errorCount" : 0,
    "errorPct" : 0.0,
    "meanResTime" : 50.44444444444443,
    "medianResTime" : 50.0,
    "minResTime" : 47.0,
    "maxResTime" : 102.0,
    "pct1ResTime" : 53.0,
    "pct2ResTime" : 54.55,
    "pct3ResTime" : 98.30999999999986,
    "throughput" : 3.7127436488019527,
    "receivedKBytesPerSec" : 1.6923748560452405,
    "sentKBytesPerSec" : 1.2109925573240745
  },
  "登录" : {
    "transaction" : "登录",
    "sampleCount" : 108,
    "errorCount" : 0,
    "errorPct" : 0.0,
    "meanResTime" : 61.5925925925926,
    "medianResTime" : 49.0,
    "minResTime" : 46.0,
    "maxResTime" : 638.0,
    "pct1ResTime" : 55.0,
    "pct2ResTime" : 191.64999999999998,
    "pct3ResTime" : 598.4899999999985,
    "throughput" : 3.6229453203622946,
    "receivedKBytesPerSec" : 2.1405096863468636,
    "sentKBytesPerSec" : 0.8738940372358269
  },
  "HTTP请求" : {
    "transaction" : "HTTP请求",
    "sampleCount" : 540,
    "errorCount" : 117,
    "errorPct" : 21.666666,
    "meanResTime" : 54.672222222222224,
    "medianResTime" : 52.0,
    "minResTime" : 46.0,
    "maxResTime" : 638.0,
    "pct1ResTime" : 56.0,
    "pct2ResTime" : 58.0,
    "pct3ResTime" : 191.7700000000001,
    "throughput" : 18.023430459597478,
    "receivedKBytesPerSec" : 27.776473999532726,
    "sentKBytesPerSec" : 9.008195028537099
  },
  "Total" : {
    "transaction" : "Total",
    "sampleCount" : 647,
    "errorCount" : 117,
    "errorPct" : 18.083462,
    "meanResTime" : 45.653786707882524,
    "medianResTime" : 51.0,
    "minResTime" : 0.0,
    "maxResTime" : 638.0,
    "pct1ResTime" : 56.0,
    "pct2ResTime" : 57.0,
    "pct3ResTime" : 147.7599999999984,
    "throughput" : 21.594739828443643,
    "receivedKBytesPerSec" : 29.422494033910752,
    "sentKBytesPerSec" : 9.008195028537099
  },
  "新增试卷" : {
    "transaction" : "新增试卷",
    "sampleCount" : 108,
    "errorCount" : 9,
    "errorPct" : 8.333333,
    "meanResTime" : 55.231481481481474,
    "medianResTime" : 55.0,
    "minResTime" : 52.0,
    "maxResTime" : 61.0,
    "pct1ResTime" : 57.10000000000001,
    "pct2ResTime" : 59.0,
    "pct3ResTime" : 61.0,
    "throughput" : 3.7059913526868438,
    "receivedKBytesPerSec" : 1.4361922869054973,
    "sentKBytesPerSec" : 3.9376158122297715
  },
  "调试取样器" : {
    "transaction" : "调试取样器",
    "sampleCount" : 107,
    "errorCount" : 0,
    "errorPct" : 0.0,
    "meanResTime" : 0.14018691588785048,
    "medianResTime" : 0.0,
    "minResTime" : 0.0,
    "maxResTime" : 2.0,
    "pct1ResTime" : 1.0,
    "pct2ResTime" : 1.0,
    "pct3ResTime" : 1.9200000000000017,
    "throughput" : 3.720833188441075,
    "receivedKBytesPerSec" : 1.7149357113050734,
    "sentKBytesPerSec" : 0.0
  }
}