{
  "获取考试信息" : {
    "transaction" : "获取考试信息",
    "sampleCount" : 212,
    "errorCount" : 106,
    "errorPct" : 50.0,
    "meanResTime" : 54.165094339622634,
    "medianResTime" : 53.0,
    "minResTime" : 51.0,
    "maxResTime" : 114.0,
    "pct1ResTime" : 57.0,
    "pct2ResTime" : 59.0,
    "pct3ResTime" : 63.74000000000001,
    "throughput" : 7.240189884225265,
    "receivedKBytesPerSec" : 22.703368865475905,
    "sentKBytesPerSec" : 3.1463715805471124
  },
  "退出登录" : {
    "transaction" : "退出登录",
    "sampleCount" : 105,
    "errorCount" : 0,
    "errorPct" : 0.0,
    "meanResTime" : 50.21904761904762,
    "medianResTime" : 50.0,
    "minResTime" : 47.0,
    "maxResTime" : 57.0,
    "pct1ResTime" : 52.400000000000006,
    "pct2ResTime" : 53.0,
    "pct3ResTime" : 56.94,
    "throughput" : 3.6412817311693715,
    "receivedKBytesPerSec" : 1.65977694981967,
    "sentKBytesPerSec" : 1.18768368965876
  },
  "登录" : {
    "transaction" : "登录",
    "sampleCount" : 106,
    "errorCount" : 0,
    "errorPct" : 0.0,
    "meanResTime" : 62.9056603773585,
    "medianResTime" : 49.0,
    "minResTime" : 47.0,
    "maxResTime" : 635.0,
    "pct1ResTime" : 53.3,
    "pct2ResTime" : 193.64999999999998,
    "pct3ResTime" : 606.649999999997,
    "throughput" : 3.5534696614146832,
    "receivedKBytesPerSec" : 2.0994620558162924,
    "sentKBytesPerSec" : 0.8571357484076434
  },
  "HTTP请求" : {
    "transaction" : "HTTP请求",
    "sampleCount" : 529,
    "errorCount" : 115,
    "errorPct" : 21.73913,
    "meanResTime" : 55.81474480151229,
    "medianResTime" : 53.0,
    "minResTime" : 47.0,
    "maxResTime" : 635.0,
    "pct1ResTime" : 58.0,
    "pct2ResTime" : 60.0,
    "pct3ResTime" : 193.70000000000005,
    "throughput" : 17.667490481597756,
    "receivedKBytesPerSec" : 27.266452119931866,
    "sentKBytesPerSec" : 8.836093530826265
  },
  "Total" : {
    "transaction" : "Total",
    "sampleCount" : 634,
    "errorCount" : 115,
    "errorPct" : 18.138802,
    "meanResTime" : 46.60252365930597,
    "medianResTime" : 52.0,
    "minResTime" : 0.0,
    "maxResTime" : 635.0,
    "pct1ResTime" : 58.0,
    "pct2ResTime" : 60.0,
    "pct3ResTime" : 165.3499999999982,
    "throughput" : 21.174270255827935,
    "receivedKBytesPerSec" : 28.882695346419744,
    "sentKBytesPerSec" : 8.836093530826265
  },
  "新增试卷" : {
    "transaction" : "新增试卷",
    "sampleCount" : 106,
    "errorCount" : 9,
    "errorPct" : 8.490566,
    "meanResTime" : 57.575471698113205,
    "medianResTime" : 57.0,
    "minResTime" : 52.0,
    "maxResTime" : 64.0,
    "pct1ResTime" : 61.0,
    "pct2ResTime" : 62.0,
    "pct3ResTime" : 63.92999999999999,
    "throughput" : 3.6344933996228357,
    "receivedKBytesPerSec" : 1.4108172252700155,
    "sentKBytesPerSec" : 3.8616492370992628
  },
  "调试取样器" : {
    "transaction" : "调试取样器",
    "sampleCount" : 105,
    "errorCount" : 0,
    "errorPct" : 0.0,
    "meanResTime" : 0.19047619047619052,
    "medianResTime" : 0.0,
    "minResTime" : 0.0,
    "maxResTime" : 2.0,
    "pct1ResTime" : 1.0,
    "pct2ResTime" : 1.0,
    "pct3ResTime" : 1.9399999999999977,
    "throughput" : 3.6497618964858005,
    "receivedKBytesPerSec" : 1.6821423993708506,
    "sentKBytesPerSec" : 0.0
  }
}