{
  "获取考试信息" : {
    "transaction" : "获取考试信息",
    "sampleCount" : 120,
    "errorCount" : 60,
    "errorPct" : 50.0,
    "meanResTime" : 52.86666666666666,
    "medianResTime" : 52.0,
    "minResTime" : 49.0,
    "maxResTime" : 63.0,
    "pct1ResTime" : 55.0,
    "pct2ResTime" : 56.94999999999999,
    "pct3ResTime" : 62.369999999999976,
    "throughput" : 7.409236848604594,
    "receivedKBytesPerSec" : 23.233456563348973,
    "sentKBytesPerSec" : 3.219834372684613
  },
  "退出登录" : {
    "transaction" : "退出登录",
    "sampleCount" : 60,
    "errorCount" : 0,
    "errorPct" : 0.0,
    "meanResTime" : 49.916666666666664,
    "medianResTime" : 49.5,
    "minResTime" : 47.0,
    "maxResTime" : 56.0,
    "pct1ResTime" : 53.8,
    "pct2ResTime" : 54.949999999999996,
    "pct3ResTime" : 56.0,
    "throughput" : 3.745318352059925,
    "receivedKBytesPerSec" : 1.7071556062734083,
    "sentKBytesPerSec" : 1.221617509363296
  },
  "登录" : {
    "transaction" : "登录",
    "sampleCount" : 61,
    "errorCount" : 0,
    "errorPct" : 0.0,
    "meanResTime" : 312.344262295082,
    "medianResTime" : 49.0,
    "minResTime" : 47.0,
    "maxResTime" : 15221.0,
    "pct1ResTime" : 54.40000000000001,
    "pct2ResTime" : 196.9,
    "pct3ResTime" : 15221.0,
    "throughput" : 1.8947629993166428,
    "receivedKBytesPerSec" : 1.119464467369696,
    "sentKBytesPerSec" : 0.45703755940547924
  },
  "HTTP请求" : {
    "transaction" : "HTTP请求",
    "sampleCount" : 301,
    "errorCount" : 68,
    "errorPct" : 22.591362,
    "meanResTime" : 105.73754152823926,
    "medianResTime" : 52.0,
    "minResTime" : 47.0,
    "maxResTime" : 15221.0,
    "pct1ResTime" : 57.0,
    "pct2ResTime" : 59.0,
    "pct3ResTime" : 196.98000000000002,
    "throughput" : 9.36702558038215,
    "receivedKBytesPerSec" : 14.444336119841912,
    "sentKBytesPerSec" : 4.673635936624759
  },
  "Total" : {
    "transaction" : "Total",
    "sampleCount" : 361,
    "errorCount" : 68,
    "errorPct" : 18.836565,
    "meanResTime" : 88.18282548476455,
    "medianResTime" : 51.0,
    "minResTime" : 0.0,
    "maxResTime" : 15221.0,
    "pct1ResTime" : 57.0,
    "pct2ResTime" : 59.0,
    "pct3ResTime" : 196.38,
    "throughput" : 11.234206759195867,
    "receivedKBytesPerSec" : 15.304686041264704,
    "sentKBytesPerSec" : 4.673635936624759
  },
  "新增试卷" : {
    "transaction" : "新增试卷",
    "sampleCount" : 60,
    "errorCount" : 8,
    "errorPct" : 13.333333,
    "meanResTime" : 57.25,
    "medianResTime" : 57.0,
    "minResTime" : 51.0,
    "maxResTime" : 111.0,
    "pct1ResTime" : 60.9,
    "pct2ResTime" : 62.0,
    "pct3ResTime" : 111.0,
    "throughput" : 3.730415319572246,
    "receivedKBytesPerSec" : 1.5217957286744592,
    "sentKBytesPerSec" : 3.963566277045511
  },
  "调试取样器" : {
    "transaction" : "调试取样器",
    "sampleCount" : 60,
    "errorCount" : 0,
    "errorPct" : 0.0,
    "meanResTime" : 0.11666666666666671,
    "medianResTime" : 0.0,
    "minResTime" : 0.0,
    "maxResTime" : 2.0,
    "pct1ResTime" : 0.8999999999999986,
    "pct2ResTime" : 1.0,
    "pct3ResTime" : 2.0,
    "throughput" : 3.7608123354644603,
    "receivedKBytesPerSec" : 1.7328873244954244,
    "sentKBytesPerSec" : 0.0
  }
}