{
  "获取考试信息" : {
    "transaction" : "获取考试信息",
    "sampleCount" : 206,
    "errorCount" : 103,
    "errorPct" : 50.0,
    "meanResTime" : 53.844660194174764,
    "medianResTime" : 52.0,
    "minResTime" : 50.0,
    "maxResTime" : 119.0,
    "pct1ResTime" : 56.0,
    "pct2ResTime" : 59.0,
    "pct3ResTime" : 106.53000000000014,
    "throughput" : 7.339841801467968,
    "receivedKBytesPerSec" : 22.850435135038836,
    "sentKBytesPerSec" : 3.189677345364498
  },
  "退出登录" : {
    "transaction" : "退出登录",
    "sampleCount" : 103,
    "errorCount" : 0,
    "errorPct" : 0.0,
    "meanResTime" : 49.64077669902913,
    "medianResTime" : 49.0,
    "minResTime" : 47.0,
    "maxResTime" : 55.0,
    "pct1ResTime" : 52.0,
    "pct2ResTime" : 53.0,
    "pct3ResTime" : 54.959999999999994,
    "throughput" : 3.6944045911047345,
    "receivedKBytesPerSec" : 1.6839748475609757,
    "sentKBytesPerSec" : 1.2050108724892397
  },
  "登录" : {
    "transaction" : "登录",
    "sampleCount" : 104,
    "errorCount" : 0,
    "errorPct" : 0.0,
    "meanResTime" : 72.41346153846152,
    "medianResTime" : 49.0,
    "minResTime" : 47.0,
    "maxResTime" : 1719.0,
    "pct1ResTime" : 53.0,
    "pct2ResTime" : 195.25,
    "pct3ResTime" : 1643.1000000000042,
    "throughput" : 3.466435570961936,
    "receivedKBytesPerSec" : 2.048040547296847,
    "sentKBytesPerSec" : 0.8361421738550764
  },
  "HTTP请求" : {
    "transaction" : "HTTP请求",
    "sampleCount" : 516,
    "errorCount" : 113,
    "errorPct" : 21.899225,
    "meanResTime" : 57.176356589147275,
    "medianResTime" : 52.0,
    "minResTime" : 47.0,
    "maxResTime" : 1719.0,
    "pct1ResTime" : 57.0,
    "pct2ResTime" : 60.0,
    "pct3ResTime" : 195.8099999999999,
    "throughput" : 17.246565727464155,
    "receivedKBytesPerSec" : 26.411610828403354,
    "sentKBytesPerSec" : 8.61127126575086
  },
  "Total" : {
    "transaction" : "Total",
    "sampleCount" : 619,
    "errorCount" : 113,
    "errorPct" : 18.25525,
    "meanResTime" : 47.681744749596135,
    "medianResTime" : 51.0,
    "minResTime" : 0.0,
    "maxResTime" : 1719.0,
    "pct1ResTime" : 56.0,
    "pct2ResTime" : 59.0,
    "pct3ResTime" : 175.79999999999677,
    "throughput" : 20.68919415755874,
    "receivedKBytesPerSec" : 27.98790458195461,
    "sentKBytesPerSec" : 8.61127126575086
  },
  "新增试卷" : {
    "transaction" : "新增试卷",
    "sampleCount" : 103,
    "errorCount" : 10,
    "errorPct" : 9.708738,
    "meanResTime" : 55.99029126213591,
    "medianResTime" : 55.0,
    "minResTime" : 52.0,
    "maxResTime" : 72.0,
    "pct1ResTime" : 59.60000000000001,
    "pct2ResTime" : 61.0,
    "pct3ResTime" : 71.87999999999998,
    "throughput" : 3.68515205724508,
    "receivedKBytesPerSec" : 1.448806462432916,
    "sentKBytesPerSec" : 3.915474060822898
  },
  "调试取样器" : {
    "transaction" : "调试取样器",
    "sampleCount" : 103,
    "errorCount" : 0,
    "errorPct" : 0.0,
    "meanResTime" : 0.11650485436893203,
    "medianResTime" : 0.0,
    "minResTime" : 0.0,
    "maxResTime" : 2.0,
    "pct1ResTime" : 1.0,
    "pct2ResTime" : 1.0,
    "pct3ResTime" : 1.9599999999999937,
    "throughput" : 3.70317106493133,
    "receivedKBytesPerSec" : 1.6955897322391602,
    "sentKBytesPerSec" : 0.0
  }
}